Shayne Oxburgh;6921;60;soxburgh6@whitehouse.gov;859840602
Errol Melly;2170;123;emelly7@yolasite.com;698093618
Hannis Floodgate;2471;116;hfloodgate8@theguardian.com;375258974
Ardelle Jobern;2471;115;ajobern9@omniture.com;501419521
Dorelia Burbidge;7131;59;dburbidgea@amazon.co.uk;927827113
Robin Havers;8624;26;rhaversb@sakura.ne.jp;335423770
Gaby Cordey;8391;55;gcordeyc@reverbnation.com;538507073
Worthington Windram;2471;112;wwindramd@usda.gov;858468407
Stephannie Adamowitz;4968;147;sadamowitze@telegraph.co.uk;753860391
Wilie Kelby;2471;73;wkelbyf@behance.net;190339731
Corly Cruft;2471;127;ccruftg@pen.io;988356050
Sanford Pinckney;2161;23;spinckneyh@yahoo.co.jp;641640728
Valaria Elmore;8745;110;velmorei@is.gd;699695909
Priscilla Cardnell;2471;66;pcardnellj@webmd.com;566942262
Robinson McCloughen;7781;109;rmccloughenk@tamu.edu;465412372
Elisabet Hanning;2471;33;ehanningl@linkedin.com;168465127
Cleve Sprowles;7172;50;csprowlesm@moonfruit.com;973001112
Immanuel Madrell;2095;130;imadrelln@google.de;663892446
Nert Izakov;2471;142;nizakovo@sfgate.com;510096623
Dewitt McMychem;8788;89;dmcmychemp@psu.edu;168472428
Ianthe Thresher;2459;43;ithresherq@irs.gov;363175292
Yoko Ockwell;2471;133;yockwellr@amazonaws.com;260054922
Sheena Patience;5667;146;spatiences@topsy.com;118010928
Wynn Voden;2471;106;wvodent@bizjournals.com;557907814
Allister Le Batteur;3563;51;aleu@privacy.gov.au;186711288
Artemis Shellcross;9314;104;ashellcrossv@ameblo.jp;647074350
Lurlene Dunphie;2471;129;ldunphiew@goo.gl;787340843
Wendy Bragge;3144;80;wbraggex@github.io;224034274
Nehemiah Scuse;9752;31;nscusey@foxnews.com;688393344
Sterne Dhenin;7042;67;sdheninz@aboutads.info;242682361
Brandtr O' Scallan;2471;42;bo10@phoca.cz;787644505
Glendon Headingham;8439;92;gheadingham11@studiopress.com;306906356
Joycelin Rayner;8640;36;jrayner12@youtube.com;916783972
Benny Wallis;2471;104;bwallis13@aol.com;160425310
Susanne Peaddie;2521;35;speaddie14@ox.ac.uk;329372532
Zita Pettus;2471;72;zpettus15@symantec.com;224459840
Abbe Ramas;7900;39;aramas16@shareasale.com;504974171
Ania Terran;2471;13;aterran17@cornell.edu;556107183
Corrie Stalf;9544;149;cstalf18@blogger.com;451248796
Siouxie Fawlkes;3273;92;sfawlkes19@prweb.com;823310142
Donn Bernli;8282;32;dbernli1a@fema.gov;656799756
Gilli O'Crotty;4803;69;gocrotty1b@so-net.ne.jp;435431545
Stephanus Pomery;3326;114;spomery1c@answers.com;240417516
Nancee Fitzhenry;2471;15;nfitzhenry1d@oaic.gov.au;899160494
Pooh McVittie;7678;22;pmcvittie1e@feedburner.com;181186249
Marlena Ridsdale;2881;25;mridsdale1f@furl.net;231440794
Marcel Westhofer;8985;101;mwesthofer1g@scientificamerican.com;422405524
Donavon Rablan;2471;18;drablan1h@yahoo.co.jp;980563485
Noach Riha;6756;93;nriha1i@latimes.com;781350312
Horace Amdohr;3881;57;hamdohr1j@csmonitor.com;423792225
Gonzales Filipchikov;4937;70;gfilipchikov1k@cornell.edu;792474935
Nari McQuaide;4000;50;nmcquaide1l@acquirethisname.com;343386986
Evie Waddams;2471;78;ewaddams1m@storify.com;485379534
Ardath Turfitt;8138;40;aturfitt1n@yellowpages.com;629468348
Kylen Shortt;7973;52;kshortt1o@kickstarter.com;288876036
Harriet Jewise;2471;15;hjewise1p@dion.ne.jp;185657189
Laurella McEnery;2220;70;lmcenery1q@boston.com;446861504
Stephine Lilleyman;2471;133;slilleyman1r@moonfruit.com;175693083
Octavia Branca;2897;64;obranca1s@biglobe.ne.jp;490239551
Ansell Wrightem;2471;107;awrightem5@oracle.com;805480609